--
-- PostgreSQL database dump
--

\restrict RB6skpdkpt61X1oyc9Yq4XkOYe1hoeH9CJSiBubw0IMSVQ3dfKly5gBW8ZzLFGz

-- Dumped from database version 18.1
-- Dumped by pg_dump version 18.1

SET statement_timeout = 0;
SET lock_timeout = 0;
SET idle_in_transaction_session_timeout = 0;
SET transaction_timeout = 0;
SET client_encoding = 'UTF8';
SET standard_conforming_strings = on;
SELECT pg_catalog.set_config('search_path', '', false);
SET check_function_bodies = false;
SET xmloption = content;
SET client_min_messages = warning;
SET row_security = off;

SET default_tablespace = '';

SET default_table_access_method = heap;

--
-- Name: accounts_user; Type: TABLE; Schema: public; Owner: postgres
--

CREATE TABLE public.accounts_user (
    id bigint NOT NULL,
    password character varying(128) NOT NULL,
    last_login timestamp with time zone,
    is_superuser boolean NOT NULL,
    username character varying(150) NOT NULL,
    first_name character varying(150) NOT NULL,
    last_name character varying(150) NOT NULL,
    email character varying(254) NOT NULL,
    is_staff boolean NOT NULL,
    is_active boolean NOT NULL,
    date_joined timestamp with time zone NOT NULL,
    role character varying(10) NOT NULL
);


ALTER TABLE public.accounts_user OWNER TO postgres;

--
-- Name: accounts_user_groups; Type: TABLE; Schema: public; Owner: postgres
--

CREATE TABLE public.accounts_user_groups (
    id bigint NOT NULL,
    user_id bigint NOT NULL,
    group_id integer NOT NULL
);


ALTER TABLE public.accounts_user_groups OWNER TO postgres;

--
-- Name: accounts_user_groups_id_seq; Type: SEQUENCE; Schema: public; Owner: postgres
--

ALTER TABLE public.accounts_user_groups ALTER COLUMN id ADD GENERATED BY DEFAULT AS IDENTITY (
    SEQUENCE NAME public.accounts_user_groups_id_seq
    START WITH 1
    INCREMENT BY 1
    NO MINVALUE
    NO MAXVALUE
    CACHE 1
);


--
-- Name: accounts_user_id_seq; Type: SEQUENCE; Schema: public; Owner: postgres
--

ALTER TABLE public.accounts_user ALTER COLUMN id ADD GENERATED BY DEFAULT AS IDENTITY (
    SEQUENCE NAME public.accounts_user_id_seq
    START WITH 1
    INCREMENT BY 1
    NO MINVALUE
    NO MAXVALUE
    CACHE 1
);


--
-- Name: accounts_user_user_permissions; Type: TABLE; Schema: public; Owner: postgres
--

CREATE TABLE public.accounts_user_user_permissions (
    id bigint NOT NULL,
    user_id bigint NOT NULL,
    permission_id integer NOT NULL
);


ALTER TABLE public.accounts_user_user_permissions OWNER TO postgres;

--
-- Name: accounts_user_user_permissions_id_seq; Type: SEQUENCE; Schema: public; Owner: postgres
--

ALTER TABLE public.accounts_user_user_permissions ALTER COLUMN id ADD GENERATED BY DEFAULT AS IDENTITY (
    SEQUENCE NAME public.accounts_user_user_permissions_id_seq
    START WITH 1
    INCREMENT BY 1
    NO MINVALUE
    NO MAXVALUE
    CACHE 1
);


--
-- Name: auth_group; Type: TABLE; Schema: public; Owner: postgres
--

CREATE TABLE public.auth_group (
    id integer NOT NULL,
    name character varying(150) NOT NULL
);


ALTER TABLE public.auth_group OWNER TO postgres;

--
-- Name: auth_group_id_seq; Type: SEQUENCE; Schema: public; Owner: postgres
--

ALTER TABLE public.auth_group ALTER COLUMN id ADD GENERATED BY DEFAULT AS IDENTITY (
    SEQUENCE NAME public.auth_group_id_seq
    START WITH 1
    INCREMENT BY 1
    NO MINVALUE
    NO MAXVALUE
    CACHE 1
);


--
-- Name: auth_group_permissions; Type: TABLE; Schema: public; Owner: postgres
--

CREATE TABLE public.auth_group_permissions (
    id bigint NOT NULL,
    group_id integer NOT NULL,
    permission_id integer NOT NULL
);


ALTER TABLE public.auth_group_permissions OWNER TO postgres;

--
-- Name: auth_group_permissions_id_seq; Type: SEQUENCE; Schema: public; Owner: postgres
--

ALTER TABLE public.auth_group_permissions ALTER COLUMN id ADD GENERATED BY DEFAULT AS IDENTITY (
    SEQUENCE NAME public.auth_group_permissions_id_seq
    START WITH 1
    INCREMENT BY 1
    NO MINVALUE
    NO MAXVALUE
    CACHE 1
);


--
-- Name: auth_permission; Type: TABLE; Schema: public; Owner: postgres
--

CREATE TABLE public.auth_permission (
    id integer NOT NULL,
    name character varying(255) NOT NULL,
    content_type_id integer NOT NULL,
    codename character varying(100) NOT NULL
);


ALTER TABLE public.auth_permission OWNER TO postgres;

--
-- Name: auth_permission_id_seq; Type: SEQUENCE; Schema: public; Owner: postgres
--

ALTER TABLE public.auth_permission ALTER COLUMN id ADD GENERATED BY DEFAULT AS IDENTITY (
    SEQUENCE NAME public.auth_permission_id_seq
    START WITH 1
    INCREMENT BY 1
    NO MINVALUE
    NO MAXVALUE
    CACHE 1
);


--
-- Name: discounts_discountcode; Type: TABLE; Schema: public; Owner: postgres
--

CREATE TABLE public.discounts_discountcode (
    id bigint NOT NULL,
    code character varying(50) NOT NULL,
    discount_type character varying(10) NOT NULL,
    value integer NOT NULL,
    start_at timestamp with time zone,
    end_at timestamp with time zone,
    max_uses integer NOT NULL,
    used_count integer NOT NULL,
    is_active boolean NOT NULL,
    seller_id bigint NOT NULL,
    CONSTRAINT discounts_discountcode_max_uses_check CHECK ((max_uses >= 0)),
    CONSTRAINT discounts_discountcode_used_count_check CHECK ((used_count >= 0)),
    CONSTRAINT discounts_discountcode_value_check CHECK ((value >= 0))
);


ALTER TABLE public.discounts_discountcode OWNER TO postgres;

--
-- Name: discounts_discountcode_id_seq; Type: SEQUENCE; Schema: public; Owner: postgres
--

ALTER TABLE public.discounts_discountcode ALTER COLUMN id ADD GENERATED BY DEFAULT AS IDENTITY (
    SEQUENCE NAME public.discounts_discountcode_id_seq
    START WITH 1
    INCREMENT BY 1
    NO MINVALUE
    NO MAXVALUE
    CACHE 1
);


--
-- Name: django_admin_log; Type: TABLE; Schema: public; Owner: postgres
--

CREATE TABLE public.django_admin_log (
    id integer NOT NULL,
    action_time timestamp with time zone NOT NULL,
    object_id text,
    object_repr character varying(200) NOT NULL,
    action_flag smallint NOT NULL,
    change_message text NOT NULL,
    content_type_id integer,
    user_id bigint NOT NULL,
    CONSTRAINT django_admin_log_action_flag_check CHECK ((action_flag >= 0))
);


ALTER TABLE public.django_admin_log OWNER TO postgres;

--
-- Name: django_admin_log_id_seq; Type: SEQUENCE; Schema: public; Owner: postgres
--

ALTER TABLE public.django_admin_log ALTER COLUMN id ADD GENERATED BY DEFAULT AS IDENTITY (
    SEQUENCE NAME public.django_admin_log_id_seq
    START WITH 1
    INCREMENT BY 1
    NO MINVALUE
    NO MAXVALUE
    CACHE 1
);


--
-- Name: django_content_type; Type: TABLE; Schema: public; Owner: postgres
--

CREATE TABLE public.django_content_type (
    id integer NOT NULL,
    app_label character varying(100) NOT NULL,
    model character varying(100) NOT NULL
);


ALTER TABLE public.django_content_type OWNER TO postgres;

--
-- Name: django_content_type_id_seq; Type: SEQUENCE; Schema: public; Owner: postgres
--

ALTER TABLE public.django_content_type ALTER COLUMN id ADD GENERATED BY DEFAULT AS IDENTITY (
    SEQUENCE NAME public.django_content_type_id_seq
    START WITH 1
    INCREMENT BY 1
    NO MINVALUE
    NO MAXVALUE
    CACHE 1
);


--
-- Name: django_migrations; Type: TABLE; Schema: public; Owner: postgres
--

CREATE TABLE public.django_migrations (
    id bigint NOT NULL,
    app character varying(255) NOT NULL,
    name character varying(255) NOT NULL,
    applied timestamp with time zone NOT NULL
);


ALTER TABLE public.django_migrations OWNER TO postgres;

--
-- Name: django_migrations_id_seq; Type: SEQUENCE; Schema: public; Owner: postgres
--

ALTER TABLE public.django_migrations ALTER COLUMN id ADD GENERATED BY DEFAULT AS IDENTITY (
    SEQUENCE NAME public.django_migrations_id_seq
    START WITH 1
    INCREMENT BY 1
    NO MINVALUE
    NO MAXVALUE
    CACHE 1
);


--
-- Name: django_session; Type: TABLE; Schema: public; Owner: postgres
--

CREATE TABLE public.django_session (
    session_key character varying(40) NOT NULL,
    session_data text NOT NULL,
    expire_date timestamp with time zone NOT NULL
);


ALTER TABLE public.django_session OWNER TO postgres;

--
-- Name: files_articledetail; Type: TABLE; Schema: public; Owner: postgres
--

CREATE TABLE public.files_articledetail (
    id bigint NOT NULL,
    keywords character varying(255) NOT NULL,
    pages integer NOT NULL,
    digital_file_id bigint NOT NULL,
    CONSTRAINT files_articledetail_pages_check CHECK ((pages >= 0))
);


ALTER TABLE public.files_articledetail OWNER TO postgres;

--
-- Name: files_articledetail_id_seq; Type: SEQUENCE; Schema: public; Owner: postgres
--

ALTER TABLE public.files_articledetail ALTER COLUMN id ADD GENERATED BY DEFAULT AS IDENTITY (
    SEQUENCE NAME public.files_articledetail_id_seq
    START WITH 1
    INCREMENT BY 1
    NO MINVALUE
    NO MAXVALUE
    CACHE 1
);


--
-- Name: files_bookdetail; Type: TABLE; Schema: public; Owner: postgres
--

CREATE TABLE public.files_bookdetail (
    id bigint NOT NULL,
    author character varying(255) NOT NULL,
    isbn character varying(20) NOT NULL,
    pages integer NOT NULL,
    digital_file_id bigint NOT NULL,
    CONSTRAINT files_bookdetail_pages_check CHECK ((pages >= 0))
);


ALTER TABLE public.files_bookdetail OWNER TO postgres;

--
-- Name: files_bookdetail_id_seq; Type: SEQUENCE; Schema: public; Owner: postgres
--

ALTER TABLE public.files_bookdetail ALTER COLUMN id ADD GENERATED BY DEFAULT AS IDENTITY (
    SEQUENCE NAME public.files_bookdetail_id_seq
    START WITH 1
    INCREMENT BY 1
    NO MINVALUE
    NO MAXVALUE
    CACHE 1
);


--
-- Name: files_digitalfile; Type: TABLE; Schema: public; Owner: postgres
--

CREATE TABLE public.files_digitalfile (
    id bigint NOT NULL,
    type character varying(10) NOT NULL,
    title character varying(255) NOT NULL,
    description text NOT NULL,
    price integer NOT NULL,
    file character varying(100) NOT NULL,
    preview_image character varying(100),
    is_active boolean NOT NULL,
    created_at timestamp with time zone NOT NULL,
    seller_id bigint NOT NULL,
    CONSTRAINT files_digitalfile_price_check CHECK ((price >= 0))
);


ALTER TABLE public.files_digitalfile OWNER TO postgres;

--
-- Name: files_digitalfile_id_seq; Type: SEQUENCE; Schema: public; Owner: postgres
--

ALTER TABLE public.files_digitalfile ALTER COLUMN id ADD GENERATED BY DEFAULT AS IDENTITY (
    SEQUENCE NAME public.files_digitalfile_id_seq
    START WITH 1
    INCREMENT BY 1
    NO MINVALUE
    NO MAXVALUE
    CACHE 1
);


--
-- Name: files_imagedetail; Type: TABLE; Schema: public; Owner: postgres
--

CREATE TABLE public.files_imagedetail (
    id bigint NOT NULL,
    resolution character varying(50) NOT NULL,
    format character varying(10) NOT NULL,
    digital_file_id bigint NOT NULL
);


ALTER TABLE public.files_imagedetail OWNER TO postgres;

--
-- Name: files_imagedetail_id_seq; Type: SEQUENCE; Schema: public; Owner: postgres
--

ALTER TABLE public.files_imagedetail ALTER COLUMN id ADD GENERATED BY DEFAULT AS IDENTITY (
    SEQUENCE NAME public.files_imagedetail_id_seq
    START WITH 1
    INCREMENT BY 1
    NO MINVALUE
    NO MAXVALUE
    CACHE 1
);


--
-- Name: files_musicdetail; Type: TABLE; Schema: public; Owner: postgres
--

CREATE TABLE public.files_musicdetail (
    id bigint NOT NULL,
    artist character varying(255) NOT NULL,
    duration_seconds integer NOT NULL,
    digital_file_id bigint NOT NULL,
    CONSTRAINT files_musicdetail_duration_seconds_check CHECK ((duration_seconds >= 0))
);


ALTER TABLE public.files_musicdetail OWNER TO postgres;

--
-- Name: files_musicdetail_id_seq; Type: SEQUENCE; Schema: public; Owner: postgres
--

ALTER TABLE public.files_musicdetail ALTER COLUMN id ADD GENERATED BY DEFAULT AS IDENTITY (
    SEQUENCE NAME public.files_musicdetail_id_seq
    START WITH 1
    INCREMENT BY 1
    NO MINVALUE
    NO MAXVALUE
    CACHE 1
);


--
-- Name: orders_order; Type: TABLE; Schema: public; Owner: postgres
--

CREATE TABLE public.orders_order (
    id bigint NOT NULL,
    status character varying(10) NOT NULL,
    total_price integer NOT NULL,
    created_at timestamp with time zone NOT NULL,
    paid_at timestamp with time zone,
    buyer_id bigint NOT NULL,
    CONSTRAINT orders_order_total_price_check CHECK ((total_price >= 0))
);


ALTER TABLE public.orders_order OWNER TO postgres;

--
-- Name: orders_order_id_seq; Type: SEQUENCE; Schema: public; Owner: postgres
--

ALTER TABLE public.orders_order ALTER COLUMN id ADD GENERATED BY DEFAULT AS IDENTITY (
    SEQUENCE NAME public.orders_order_id_seq
    START WITH 1
    INCREMENT BY 1
    NO MINVALUE
    NO MAXVALUE
    CACHE 1
);


--
-- Name: orders_orderitem; Type: TABLE; Schema: public; Owner: postgres
--

CREATE TABLE public.orders_orderitem (
    id bigint NOT NULL,
    price_at_purchase integer NOT NULL,
    digital_file_id bigint NOT NULL,
    order_id bigint NOT NULL,
    seller_id bigint NOT NULL,
    CONSTRAINT orders_orderitem_price_at_purchase_check CHECK ((price_at_purchase >= 0))
);


ALTER TABLE public.orders_orderitem OWNER TO postgres;

--
-- Name: orders_orderitem_id_seq; Type: SEQUENCE; Schema: public; Owner: postgres
--

ALTER TABLE public.orders_orderitem ALTER COLUMN id ADD GENERATED BY DEFAULT AS IDENTITY (
    SEQUENCE NAME public.orders_orderitem_id_seq
    START WITH 1
    INCREMENT BY 1
    NO MINVALUE
    NO MAXVALUE
    CACHE 1
);


--
-- Data for Name: accounts_user; Type: TABLE DATA; Schema: public; Owner: postgres
--

COPY public.accounts_user (id, password, last_login, is_superuser, username, first_name, last_name, email, is_staff, is_active, date_joined, role) FROM stdin;
1	pbkdf2_sha256$1000000$LiM47K6etnM8XgnqAtGraB$oNfBcqiZqDtdvCDkEEZLEhHwW/oACmHlTYrcgO7dHgo=	2026-02-04 20:12:30.473483+03:30	t	afra			naghavifatio@gmail.com	t	t	2026-02-04 19:48:38.345257+03:30	buyer
\.


--
-- Data for Name: accounts_user_groups; Type: TABLE DATA; Schema: public; Owner: postgres
--

COPY public.accounts_user_groups (id, user_id, group_id) FROM stdin;
\.


--
-- Data for Name: accounts_user_user_permissions; Type: TABLE DATA; Schema: public; Owner: postgres
--

COPY public.accounts_user_user_permissions (id, user_id, permission_id) FROM stdin;
\.


--
-- Data for Name: auth_group; Type: TABLE DATA; Schema: public; Owner: postgres
--

COPY public.auth_group (id, name) FROM stdin;
\.


--
-- Data for Name: auth_group_permissions; Type: TABLE DATA; Schema: public; Owner: postgres
--

COPY public.auth_group_permissions (id, group_id, permission_id) FROM stdin;
\.


--
-- Data for Name: auth_permission; Type: TABLE DATA; Schema: public; Owner: postgres
--

COPY public.auth_permission (id, name, content_type_id, codename) FROM stdin;
1	Can add log entry	1	add_logentry
2	Can change log entry	1	change_logentry
3	Can delete log entry	1	delete_logentry
4	Can view log entry	1	view_logentry
5	Can add permission	2	add_permission
6	Can change permission	2	change_permission
7	Can delete permission	2	delete_permission
8	Can view permission	2	view_permission
9	Can add group	3	add_group
10	Can change group	3	change_group
11	Can delete group	3	delete_group
12	Can view group	3	view_group
13	Can add content type	4	add_contenttype
14	Can change content type	4	change_contenttype
15	Can delete content type	4	delete_contenttype
16	Can view content type	4	view_contenttype
17	Can add session	5	add_session
18	Can change session	5	change_session
19	Can delete session	5	delete_session
20	Can view session	5	view_session
21	Can add user	6	add_user
22	Can change user	6	change_user
23	Can delete user	6	delete_user
24	Can view user	6	view_user
25	Can add digital file	7	add_digitalfile
26	Can change digital file	7	change_digitalfile
27	Can delete digital file	7	delete_digitalfile
28	Can view digital file	7	view_digitalfile
29	Can add book detail	8	add_bookdetail
30	Can change book detail	8	change_bookdetail
31	Can delete book detail	8	delete_bookdetail
32	Can view book detail	8	view_bookdetail
33	Can add article detail	9	add_articledetail
34	Can change article detail	9	change_articledetail
35	Can delete article detail	9	delete_articledetail
36	Can view article detail	9	view_articledetail
37	Can add image detail	10	add_imagedetail
38	Can change image detail	10	change_imagedetail
39	Can delete image detail	10	delete_imagedetail
40	Can view image detail	10	view_imagedetail
41	Can add music detail	11	add_musicdetail
42	Can change music detail	11	change_musicdetail
43	Can delete music detail	11	delete_musicdetail
44	Can view music detail	11	view_musicdetail
45	Can add order	12	add_order
46	Can change order	12	change_order
47	Can delete order	12	delete_order
48	Can view order	12	view_order
49	Can add order item	13	add_orderitem
50	Can change order item	13	change_orderitem
51	Can delete order item	13	delete_orderitem
52	Can view order item	13	view_orderitem
53	Can add discount code	14	add_discountcode
54	Can change discount code	14	change_discountcode
55	Can delete discount code	14	delete_discountcode
56	Can view discount code	14	view_discountcode
\.


--
-- Data for Name: discounts_discountcode; Type: TABLE DATA; Schema: public; Owner: postgres
--

COPY public.discounts_discountcode (id, code, discount_type, value, start_at, end_at, max_uses, used_count, is_active, seller_id) FROM stdin;
\.


--
-- Data for Name: django_admin_log; Type: TABLE DATA; Schema: public; Owner: postgres
--

COPY public.django_admin_log (id, action_time, object_id, object_repr, action_flag, change_message, content_type_id, user_id) FROM stdin;
\.


--
-- Data for Name: django_content_type; Type: TABLE DATA; Schema: public; Owner: postgres
--

COPY public.django_content_type (id, app_label, model) FROM stdin;
1	admin	logentry
2	auth	permission
3	auth	group
4	contenttypes	contenttype
5	sessions	session
6	accounts	user
7	files	digitalfile
8	files	bookdetail
9	files	articledetail
10	files	imagedetail
11	files	musicdetail
12	orders	order
13	orders	orderitem
14	discounts	discountcode
\.


--
-- Data for Name: django_migrations; Type: TABLE DATA; Schema: public; Owner: postgres
--

COPY public.django_migrations (id, app, name, applied) FROM stdin;
1	contenttypes	0001_initial	2026-02-04 19:21:43.620655+03:30
2	contenttypes	0002_remove_content_type_name	2026-02-04 19:21:43.661988+03:30
3	auth	0001_initial	2026-02-04 19:21:43.689849+03:30
4	auth	0002_alter_permission_name_max_length	2026-02-04 19:21:43.697442+03:30
5	auth	0003_alter_user_email_max_length	2026-02-04 19:21:43.704332+03:30
6	auth	0004_alter_user_username_opts	2026-02-04 19:21:43.711321+03:30
7	auth	0005_alter_user_last_login_null	2026-02-04 19:21:43.72193+03:30
8	auth	0006_require_contenttypes_0002	2026-02-04 19:21:43.725759+03:30
9	auth	0007_alter_validators_add_error_messages	2026-02-04 19:21:43.730816+03:30
10	auth	0008_alter_user_username_max_length	2026-02-04 19:21:43.735796+03:30
11	auth	0009_alter_user_last_name_max_length	2026-02-04 19:21:43.740411+03:30
12	auth	0010_alter_group_name_max_length	2026-02-04 19:21:43.747152+03:30
13	auth	0011_update_proxy_permissions	2026-02-04 19:21:43.750971+03:30
14	auth	0012_alter_user_first_name_max_length	2026-02-04 19:21:43.754946+03:30
15	accounts	0001_initial	2026-02-04 19:21:43.788372+03:30
16	admin	0001_initial	2026-02-04 19:21:43.806869+03:30
17	admin	0002_logentry_remove_auto_add	2026-02-04 19:21:43.811939+03:30
18	admin	0003_logentry_add_action_flag_choices	2026-02-04 19:21:43.816475+03:30
19	discounts	0001_initial	2026-02-04 19:21:43.832807+03:30
20	files	0001_initial	2026-02-04 19:21:43.88696+03:30
21	orders	0001_initial	2026-02-04 19:21:43.925583+03:30
22	sessions	0001_initial	2026-02-04 19:21:43.932513+03:30
\.


--
-- Data for Name: django_session; Type: TABLE DATA; Schema: public; Owner: postgres
--

COPY public.django_session (session_key, session_data, expire_date) FROM stdin;
u40xk72bx7mpze3egf2zv4nj0ahx1n2v	.eJxVjMsOgjAQRf-la9NAS4cOS_d8gTFkOjMKamjCY2X8dyFhodt7zj1v09G69N0669QNYhpTmtPvloifOu5AHjTes-U8LtOQ7K7Yg862zaKv8-H-BXqa--3N6BPfACFyUTkIEZL3npODMkhBWGNkCQ40IjnBSkJdo3rFkkBJ_BZlmhbTXK6fLwn9Op8:1vnxOB:ZDRKzm-cXYN-Q9jFyK6wwKOgRXK9p45MFbmplZ_ACyk	2026-02-19 14:49:11.07521+03:30
\.


--
-- Data for Name: files_articledetail; Type: TABLE DATA; Schema: public; Owner: postgres
--

COPY public.files_articledetail (id, keywords, pages, digital_file_id) FROM stdin;
\.


--
-- Data for Name: files_bookdetail; Type: TABLE DATA; Schema: public; Owner: postgres
--

COPY public.files_bookdetail (id, author, isbn, pages, digital_file_id) FROM stdin;
\.


--
-- Data for Name: files_digitalfile; Type: TABLE DATA; Schema: public; Owner: postgres
--

COPY public.files_digitalfile (id, type, title, description, price, file, preview_image, is_active, created_at, seller_id) FROM stdin;
\.


--
-- Data for Name: files_imagedetail; Type: TABLE DATA; Schema: public; Owner: postgres
--

COPY public.files_imagedetail (id, resolution, format, digital_file_id) FROM stdin;
\.


--
-- Data for Name: files_musicdetail; Type: TABLE DATA; Schema: public; Owner: postgres
--

COPY public.files_musicdetail (id, artist, duration_seconds, digital_file_id) FROM stdin;
\.


--
-- Data for Name: orders_order; Type: TABLE DATA; Schema: public; Owner: postgres
--

COPY public.orders_order (id, status, total_price, created_at, paid_at, buyer_id) FROM stdin;
1	paid	0	2026-02-05 14:49:11.063001+03:30	2026-02-05 14:49:11.062776+03:30	1
\.


--
-- Data for Name: orders_orderitem; Type: TABLE DATA; Schema: public; Owner: postgres
--

COPY public.orders_orderitem (id, price_at_purchase, digital_file_id, order_id, seller_id) FROM stdin;
\.


--
-- Name: accounts_user_groups_id_seq; Type: SEQUENCE SET; Schema: public; Owner: postgres
--

SELECT pg_catalog.setval('public.accounts_user_groups_id_seq', 1, false);


--
-- Name: accounts_user_id_seq; Type: SEQUENCE SET; Schema: public; Owner: postgres
--

SELECT pg_catalog.setval('public.accounts_user_id_seq', 1, true);


--
-- Name: accounts_user_user_permissions_id_seq; Type: SEQUENCE SET; Schema: public; Owner: postgres
--

SELECT pg_catalog.setval('public.accounts_user_user_permissions_id_seq', 1, false);


--
-- Name: auth_group_id_seq; Type: SEQUENCE SET; Schema: public; Owner: postgres
--

SELECT pg_catalog.setval('public.auth_group_id_seq', 1, false);


--
-- Name: auth_group_permissions_id_seq; Type: SEQUENCE SET; Schema: public; Owner: postgres
--

SELECT pg_catalog.setval('public.auth_group_permissions_id_seq', 1, false);


--
-- Name: auth_permission_id_seq; Type: SEQUENCE SET; Schema: public; Owner: postgres
--

SELECT pg_catalog.setval('public.auth_permission_id_seq', 56, true);


--
-- Name: discounts_discountcode_id_seq; Type: SEQUENCE SET; Schema: public; Owner: postgres
--

SELECT pg_catalog.setval('public.discounts_discountcode_id_seq', 1, false);


--
-- Name: django_admin_log_id_seq; Type: SEQUENCE SET; Schema: public; Owner: postgres
--

SELECT pg_catalog.setval('public.django_admin_log_id_seq', 1, false);


--
-- Name: django_content_type_id_seq; Type: SEQUENCE SET; Schema: public; Owner: postgres
--

SELECT pg_catalog.setval('public.django_content_type_id_seq', 14, true);


--
-- Name: django_migrations_id_seq; Type: SEQUENCE SET; Schema: public; Owner: postgres
--

SELECT pg_catalog.setval('public.django_migrations_id_seq', 22, true);


--
-- Name: files_articledetail_id_seq; Type: SEQUENCE SET; Schema: public; Owner: postgres
--

SELECT pg_catalog.setval('public.files_articledetail_id_seq', 1, false);


--
-- Name: files_bookdetail_id_seq; Type: SEQUENCE SET; Schema: public; Owner: postgres
--

SELECT pg_catalog.setval('public.files_bookdetail_id_seq', 1, false);


--
-- Name: files_digitalfile_id_seq; Type: SEQUENCE SET; Schema: public; Owner: postgres
--

SELECT pg_catalog.setval('public.files_digitalfile_id_seq', 1, false);


--
-- Name: files_imagedetail_id_seq; Type: SEQUENCE SET; Schema: public; Owner: postgres
--

SELECT pg_catalog.setval('public.files_imagedetail_id_seq', 1, false);


--
-- Name: files_musicdetail_id_seq; Type: SEQUENCE SET; Schema: public; Owner: postgres
--

SELECT pg_catalog.setval('public.files_musicdetail_id_seq', 1, false);


--
-- Name: orders_order_id_seq; Type: SEQUENCE SET; Schema: public; Owner: postgres
--

SELECT pg_catalog.setval('public.orders_order_id_seq', 1, true);


--
-- Name: orders_orderitem_id_seq; Type: SEQUENCE SET; Schema: public; Owner: postgres
--

SELECT pg_catalog.setval('public.orders_orderitem_id_seq', 1, false);


--
-- Name: accounts_user_groups accounts_user_groups_pkey; Type: CONSTRAINT; Schema: public; Owner: postgres
--

ALTER TABLE ONLY public.accounts_user_groups
    ADD CONSTRAINT accounts_user_groups_pkey PRIMARY KEY (id);


--
-- Name: accounts_user_groups accounts_user_groups_user_id_group_id_59c0b32f_uniq; Type: CONSTRAINT; Schema: public; Owner: postgres
--

ALTER TABLE ONLY public.accounts_user_groups
    ADD CONSTRAINT accounts_user_groups_user_id_group_id_59c0b32f_uniq UNIQUE (user_id, group_id);


--
-- Name: accounts_user accounts_user_pkey; Type: CONSTRAINT; Schema: public; Owner: postgres
--

ALTER TABLE ONLY public.accounts_user
    ADD CONSTRAINT accounts_user_pkey PRIMARY KEY (id);


--
-- Name: accounts_user_user_permissions accounts_user_user_permi_user_id_permission_id_2ab516c2_uniq; Type: CONSTRAINT; Schema: public; Owner: postgres
--

ALTER TABLE ONLY public.accounts_user_user_permissions
    ADD CONSTRAINT accounts_user_user_permi_user_id_permission_id_2ab516c2_uniq UNIQUE (user_id, permission_id);


--
-- Name: accounts_user_user_permissions accounts_user_user_permissions_pkey; Type: CONSTRAINT; Schema: public; Owner: postgres
--

ALTER TABLE ONLY public.accounts_user_user_permissions
    ADD CONSTRAINT accounts_user_user_permissions_pkey PRIMARY KEY (id);


--
-- Name: accounts_user accounts_user_username_key; Type: CONSTRAINT; Schema: public; Owner: postgres
--

ALTER TABLE ONLY public.accounts_user
    ADD CONSTRAINT accounts_user_username_key UNIQUE (username);


--
-- Name: auth_group auth_group_name_key; Type: CONSTRAINT; Schema: public; Owner: postgres
--

ALTER TABLE ONLY public.auth_group
    ADD CONSTRAINT auth_group_name_key UNIQUE (name);


--
-- Name: auth_group_permissions auth_group_permissions_group_id_permission_id_0cd325b0_uniq; Type: CONSTRAINT; Schema: public; Owner: postgres
--

ALTER TABLE ONLY public.auth_group_permissions
    ADD CONSTRAINT auth_group_permissions_group_id_permission_id_0cd325b0_uniq UNIQUE (group_id, permission_id);


--
-- Name: auth_group_permissions auth_group_permissions_pkey; Type: CONSTRAINT; Schema: public; Owner: postgres
--

ALTER TABLE ONLY public.auth_group_permissions
    ADD CONSTRAINT auth_group_permissions_pkey PRIMARY KEY (id);


--
-- Name: auth_group auth_group_pkey; Type: CONSTRAINT; Schema: public; Owner: postgres
--

ALTER TABLE ONLY public.auth_group
    ADD CONSTRAINT auth_group_pkey PRIMARY KEY (id);


--
-- Name: auth_permission auth_permission_content_type_id_codename_01ab375a_uniq; Type: CONSTRAINT; Schema: public; Owner: postgres
--

ALTER TABLE ONLY public.auth_permission
    ADD CONSTRAINT auth_permission_content_type_id_codename_01ab375a_uniq UNIQUE (content_type_id, codename);


--
-- Name: auth_permission auth_permission_pkey; Type: CONSTRAINT; Schema: public; Owner: postgres
--

ALTER TABLE ONLY public.auth_permission
    ADD CONSTRAINT auth_permission_pkey PRIMARY KEY (id);


--
-- Name: discounts_discountcode discounts_discountcode_pkey; Type: CONSTRAINT; Schema: public; Owner: postgres
--

ALTER TABLE ONLY public.discounts_discountcode
    ADD CONSTRAINT discounts_discountcode_pkey PRIMARY KEY (id);


--
-- Name: discounts_discountcode discounts_discountcode_seller_id_code_855aa4a8_uniq; Type: CONSTRAINT; Schema: public; Owner: postgres
--

ALTER TABLE ONLY public.discounts_discountcode
    ADD CONSTRAINT discounts_discountcode_seller_id_code_855aa4a8_uniq UNIQUE (seller_id, code);


--
-- Name: django_admin_log django_admin_log_pkey; Type: CONSTRAINT; Schema: public; Owner: postgres
--

ALTER TABLE ONLY public.django_admin_log
    ADD CONSTRAINT django_admin_log_pkey PRIMARY KEY (id);


--
-- Name: django_content_type django_content_type_app_label_model_76bd3d3b_uniq; Type: CONSTRAINT; Schema: public; Owner: postgres
--

ALTER TABLE ONLY public.django_content_type
    ADD CONSTRAINT django_content_type_app_label_model_76bd3d3b_uniq UNIQUE (app_label, model);


--
-- Name: django_content_type django_content_type_pkey; Type: CONSTRAINT; Schema: public; Owner: postgres
--

ALTER TABLE ONLY public.django_content_type
    ADD CONSTRAINT django_content_type_pkey PRIMARY KEY (id);


--
-- Name: django_migrations django_migrations_pkey; Type: CONSTRAINT; Schema: public; Owner: postgres
--

ALTER TABLE ONLY public.django_migrations
    ADD CONSTRAINT django_migrations_pkey PRIMARY KEY (id);


--
-- Name: django_session django_session_pkey; Type: CONSTRAINT; Schema: public; Owner: postgres
--

ALTER TABLE ONLY public.django_session
    ADD CONSTRAINT django_session_pkey PRIMARY KEY (session_key);


--
-- Name: files_articledetail files_articledetail_digital_file_id_key; Type: CONSTRAINT; Schema: public; Owner: postgres
--

ALTER TABLE ONLY public.files_articledetail
    ADD CONSTRAINT files_articledetail_digital_file_id_key UNIQUE (digital_file_id);


--
-- Name: files_articledetail files_articledetail_pkey; Type: CONSTRAINT; Schema: public; Owner: postgres
--

ALTER TABLE ONLY public.files_articledetail
    ADD CONSTRAINT files_articledetail_pkey PRIMARY KEY (id);


--
-- Name: files_bookdetail files_bookdetail_digital_file_id_key; Type: CONSTRAINT; Schema: public; Owner: postgres
--

ALTER TABLE ONLY public.files_bookdetail
    ADD CONSTRAINT files_bookdetail_digital_file_id_key UNIQUE (digital_file_id);


--
-- Name: files_bookdetail files_bookdetail_pkey; Type: CONSTRAINT; Schema: public; Owner: postgres
--

ALTER TABLE ONLY public.files_bookdetail
    ADD CONSTRAINT files_bookdetail_pkey PRIMARY KEY (id);


--
-- Name: files_digitalfile files_digitalfile_pkey; Type: CONSTRAINT; Schema: public; Owner: postgres
--

ALTER TABLE ONLY public.files_digitalfile
    ADD CONSTRAINT files_digitalfile_pkey PRIMARY KEY (id);


--
-- Name: files_imagedetail files_imagedetail_digital_file_id_key; Type: CONSTRAINT; Schema: public; Owner: postgres
--

ALTER TABLE ONLY public.files_imagedetail
    ADD CONSTRAINT files_imagedetail_digital_file_id_key UNIQUE (digital_file_id);


--
-- Name: files_imagedetail files_imagedetail_pkey; Type: CONSTRAINT; Schema: public; Owner: postgres
--

ALTER TABLE ONLY public.files_imagedetail
    ADD CONSTRAINT files_imagedetail_pkey PRIMARY KEY (id);


--
-- Name: files_musicdetail files_musicdetail_digital_file_id_key; Type: CONSTRAINT; Schema: public; Owner: postgres
--

ALTER TABLE ONLY public.files_musicdetail
    ADD CONSTRAINT files_musicdetail_digital_file_id_key UNIQUE (digital_file_id);


--
-- Name: files_musicdetail files_musicdetail_pkey; Type: CONSTRAINT; Schema: public; Owner: postgres
--

ALTER TABLE ONLY public.files_musicdetail
    ADD CONSTRAINT files_musicdetail_pkey PRIMARY KEY (id);


--
-- Name: orders_order orders_order_pkey; Type: CONSTRAINT; Schema: public; Owner: postgres
--

ALTER TABLE ONLY public.orders_order
    ADD CONSTRAINT orders_order_pkey PRIMARY KEY (id);


--
-- Name: orders_orderitem orders_orderitem_pkey; Type: CONSTRAINT; Schema: public; Owner: postgres
--

ALTER TABLE ONLY public.orders_orderitem
    ADD CONSTRAINT orders_orderitem_pkey PRIMARY KEY (id);


--
-- Name: accounts_user_groups_group_id_bd11a704; Type: INDEX; Schema: public; Owner: postgres
--

CREATE INDEX accounts_user_groups_group_id_bd11a704 ON public.accounts_user_groups USING btree (group_id);


--
-- Name: accounts_user_groups_user_id_52b62117; Type: INDEX; Schema: public; Owner: postgres
--

CREATE INDEX accounts_user_groups_user_id_52b62117 ON public.accounts_user_groups USING btree (user_id);


--
-- Name: accounts_user_user_permissions_permission_id_113bb443; Type: INDEX; Schema: public; Owner: postgres
--

CREATE INDEX accounts_user_user_permissions_permission_id_113bb443 ON public.accounts_user_user_permissions USING btree (permission_id);


--
-- Name: accounts_user_user_permissions_user_id_e4f0a161; Type: INDEX; Schema: public; Owner: postgres
--

CREATE INDEX accounts_user_user_permissions_user_id_e4f0a161 ON public.accounts_user_user_permissions USING btree (user_id);


--
-- Name: accounts_user_username_6088629e_like; Type: INDEX; Schema: public; Owner: postgres
--

CREATE INDEX accounts_user_username_6088629e_like ON public.accounts_user USING btree (username varchar_pattern_ops);


--
-- Name: auth_group_name_a6ea08ec_like; Type: INDEX; Schema: public; Owner: postgres
--

CREATE INDEX auth_group_name_a6ea08ec_like ON public.auth_group USING btree (name varchar_pattern_ops);


--
-- Name: auth_group_permissions_group_id_b120cbf9; Type: INDEX; Schema: public; Owner: postgres
--

CREATE INDEX auth_group_permissions_group_id_b120cbf9 ON public.auth_group_permissions USING btree (group_id);


--
-- Name: auth_group_permissions_permission_id_84c5c92e; Type: INDEX; Schema: public; Owner: postgres
--

CREATE INDEX auth_group_permissions_permission_id_84c5c92e ON public.auth_group_permissions USING btree (permission_id);


--
-- Name: auth_permission_content_type_id_2f476e4b; Type: INDEX; Schema: public; Owner: postgres
--

CREATE INDEX auth_permission_content_type_id_2f476e4b ON public.auth_permission USING btree (content_type_id);


--
-- Name: discounts_discountcode_seller_id_c1ab25d4; Type: INDEX; Schema: public; Owner: postgres
--

CREATE INDEX discounts_discountcode_seller_id_c1ab25d4 ON public.discounts_discountcode USING btree (seller_id);


--
-- Name: django_admin_log_content_type_id_c4bce8eb; Type: INDEX; Schema: public; Owner: postgres
--

CREATE INDEX django_admin_log_content_type_id_c4bce8eb ON public.django_admin_log USING btree (content_type_id);


--
-- Name: django_admin_log_user_id_c564eba6; Type: INDEX; Schema: public; Owner: postgres
--

CREATE INDEX django_admin_log_user_id_c564eba6 ON public.django_admin_log USING btree (user_id);


--
-- Name: django_session_expire_date_a5c62663; Type: INDEX; Schema: public; Owner: postgres
--

CREATE INDEX django_session_expire_date_a5c62663 ON public.django_session USING btree (expire_date);


--
-- Name: django_session_session_key_c0390e0f_like; Type: INDEX; Schema: public; Owner: postgres
--

CREATE INDEX django_session_session_key_c0390e0f_like ON public.django_session USING btree (session_key varchar_pattern_ops);


--
-- Name: files_digitalfile_seller_id_630abf0b; Type: INDEX; Schema: public; Owner: postgres
--

CREATE INDEX files_digitalfile_seller_id_630abf0b ON public.files_digitalfile USING btree (seller_id);


--
-- Name: orders_order_buyer_id_26195532; Type: INDEX; Schema: public; Owner: postgres
--

CREATE INDEX orders_order_buyer_id_26195532 ON public.orders_order USING btree (buyer_id);


--
-- Name: orders_orderitem_digital_file_id_335bf5cd; Type: INDEX; Schema: public; Owner: postgres
--

CREATE INDEX orders_orderitem_digital_file_id_335bf5cd ON public.orders_orderitem USING btree (digital_file_id);


--
-- Name: orders_orderitem_order_id_fe61a34d; Type: INDEX; Schema: public; Owner: postgres
--

CREATE INDEX orders_orderitem_order_id_fe61a34d ON public.orders_orderitem USING btree (order_id);


--
-- Name: orders_orderitem_seller_id_73da5f24; Type: INDEX; Schema: public; Owner: postgres
--

CREATE INDEX orders_orderitem_seller_id_73da5f24 ON public.orders_orderitem USING btree (seller_id);


--
-- Name: accounts_user_groups accounts_user_groups_group_id_bd11a704_fk_auth_group_id; Type: FK CONSTRAINT; Schema: public; Owner: postgres
--

ALTER TABLE ONLY public.accounts_user_groups
    ADD CONSTRAINT accounts_user_groups_group_id_bd11a704_fk_auth_group_id FOREIGN KEY (group_id) REFERENCES public.auth_group(id) DEFERRABLE INITIALLY DEFERRED;


--
-- Name: accounts_user_groups accounts_user_groups_user_id_52b62117_fk_accounts_user_id; Type: FK CONSTRAINT; Schema: public; Owner: postgres
--

ALTER TABLE ONLY public.accounts_user_groups
    ADD CONSTRAINT accounts_user_groups_user_id_52b62117_fk_accounts_user_id FOREIGN KEY (user_id) REFERENCES public.accounts_user(id) DEFERRABLE INITIALLY DEFERRED;


--
-- Name: accounts_user_user_permissions accounts_user_user_p_permission_id_113bb443_fk_auth_perm; Type: FK CONSTRAINT; Schema: public; Owner: postgres
--

ALTER TABLE ONLY public.accounts_user_user_permissions
    ADD CONSTRAINT accounts_user_user_p_permission_id_113bb443_fk_auth_perm FOREIGN KEY (permission_id) REFERENCES public.auth_permission(id) DEFERRABLE INITIALLY DEFERRED;


--
-- Name: accounts_user_user_permissions accounts_user_user_p_user_id_e4f0a161_fk_accounts_; Type: FK CONSTRAINT; Schema: public; Owner: postgres
--

ALTER TABLE ONLY public.accounts_user_user_permissions
    ADD CONSTRAINT accounts_user_user_p_user_id_e4f0a161_fk_accounts_ FOREIGN KEY (user_id) REFERENCES public.accounts_user(id) DEFERRABLE INITIALLY DEFERRED;


--
-- Name: auth_group_permissions auth_group_permissio_permission_id_84c5c92e_fk_auth_perm; Type: FK CONSTRAINT; Schema: public; Owner: postgres
--

ALTER TABLE ONLY public.auth_group_permissions
    ADD CONSTRAINT auth_group_permissio_permission_id_84c5c92e_fk_auth_perm FOREIGN KEY (permission_id) REFERENCES public.auth_permission(id) DEFERRABLE INITIALLY DEFERRED;


--
-- Name: auth_group_permissions auth_group_permissions_group_id_b120cbf9_fk_auth_group_id; Type: FK CONSTRAINT; Schema: public; Owner: postgres
--

ALTER TABLE ONLY public.auth_group_permissions
    ADD CONSTRAINT auth_group_permissions_group_id_b120cbf9_fk_auth_group_id FOREIGN KEY (group_id) REFERENCES public.auth_group(id) DEFERRABLE INITIALLY DEFERRED;


--
-- Name: auth_permission auth_permission_content_type_id_2f476e4b_fk_django_co; Type: FK CONSTRAINT; Schema: public; Owner: postgres
--

ALTER TABLE ONLY public.auth_permission
    ADD CONSTRAINT auth_permission_content_type_id_2f476e4b_fk_django_co FOREIGN KEY (content_type_id) REFERENCES public.django_content_type(id) DEFERRABLE INITIALLY DEFERRED;


--
-- Name: discounts_discountcode discounts_discountcode_seller_id_c1ab25d4_fk_accounts_user_id; Type: FK CONSTRAINT; Schema: public; Owner: postgres
--

ALTER TABLE ONLY public.discounts_discountcode
    ADD CONSTRAINT discounts_discountcode_seller_id_c1ab25d4_fk_accounts_user_id FOREIGN KEY (seller_id) REFERENCES public.accounts_user(id) DEFERRABLE INITIALLY DEFERRED;


--
-- Name: django_admin_log django_admin_log_content_type_id_c4bce8eb_fk_django_co; Type: FK CONSTRAINT; Schema: public; Owner: postgres
--

ALTER TABLE ONLY public.django_admin_log
    ADD CONSTRAINT django_admin_log_content_type_id_c4bce8eb_fk_django_co FOREIGN KEY (content_type_id) REFERENCES public.django_content_type(id) DEFERRABLE INITIALLY DEFERRED;


--
-- Name: django_admin_log django_admin_log_user_id_c564eba6_fk_accounts_user_id; Type: FK CONSTRAINT; Schema: public; Owner: postgres
--

ALTER TABLE ONLY public.django_admin_log
    ADD CONSTRAINT django_admin_log_user_id_c564eba6_fk_accounts_user_id FOREIGN KEY (user_id) REFERENCES public.accounts_user(id) DEFERRABLE INITIALLY DEFERRED;


--
-- Name: files_articledetail files_articledetail_digital_file_id_b10322e7_fk_files_dig; Type: FK CONSTRAINT; Schema: public; Owner: postgres
--

ALTER TABLE ONLY public.files_articledetail
    ADD CONSTRAINT files_articledetail_digital_file_id_b10322e7_fk_files_dig FOREIGN KEY (digital_file_id) REFERENCES public.files_digitalfile(id) DEFERRABLE INITIALLY DEFERRED;


--
-- Name: files_bookdetail files_bookdetail_digital_file_id_4b2307cd_fk_files_dig; Type: FK CONSTRAINT; Schema: public; Owner: postgres
--

ALTER TABLE ONLY public.files_bookdetail
    ADD CONSTRAINT files_bookdetail_digital_file_id_4b2307cd_fk_files_dig FOREIGN KEY (digital_file_id) REFERENCES public.files_digitalfile(id) DEFERRABLE INITIALLY DEFERRED;


--
-- Name: files_digitalfile files_digitalfile_seller_id_630abf0b_fk_accounts_user_id; Type: FK CONSTRAINT; Schema: public; Owner: postgres
--

ALTER TABLE ONLY public.files_digitalfile
    ADD CONSTRAINT files_digitalfile_seller_id_630abf0b_fk_accounts_user_id FOREIGN KEY (seller_id) REFERENCES public.accounts_user(id) DEFERRABLE INITIALLY DEFERRED;


--
-- Name: files_imagedetail files_imagedetail_digital_file_id_e33144b1_fk_files_dig; Type: FK CONSTRAINT; Schema: public; Owner: postgres
--

ALTER TABLE ONLY public.files_imagedetail
    ADD CONSTRAINT files_imagedetail_digital_file_id_e33144b1_fk_files_dig FOREIGN KEY (digital_file_id) REFERENCES public.files_digitalfile(id) DEFERRABLE INITIALLY DEFERRED;


--
-- Name: files_musicdetail files_musicdetail_digital_file_id_c2cc55b6_fk_files_dig; Type: FK CONSTRAINT; Schema: public; Owner: postgres
--

ALTER TABLE ONLY public.files_musicdetail
    ADD CONSTRAINT files_musicdetail_digital_file_id_c2cc55b6_fk_files_dig FOREIGN KEY (digital_file_id) REFERENCES public.files_digitalfile(id) DEFERRABLE INITIALLY DEFERRED;


--
-- Name: orders_order orders_order_buyer_id_26195532_fk_accounts_user_id; Type: FK CONSTRAINT; Schema: public; Owner: postgres
--

ALTER TABLE ONLY public.orders_order
    ADD CONSTRAINT orders_order_buyer_id_26195532_fk_accounts_user_id FOREIGN KEY (buyer_id) REFERENCES public.accounts_user(id) DEFERRABLE INITIALLY DEFERRED;


--
-- Name: orders_orderitem orders_orderitem_digital_file_id_335bf5cd_fk_files_dig; Type: FK CONSTRAINT; Schema: public; Owner: postgres
--

ALTER TABLE ONLY public.orders_orderitem
    ADD CONSTRAINT orders_orderitem_digital_file_id_335bf5cd_fk_files_dig FOREIGN KEY (digital_file_id) REFERENCES public.files_digitalfile(id) DEFERRABLE INITIALLY DEFERRED;


--
-- Name: orders_orderitem orders_orderitem_order_id_fe61a34d_fk_orders_order_id; Type: FK CONSTRAINT; Schema: public; Owner: postgres
--

ALTER TABLE ONLY public.orders_orderitem
    ADD CONSTRAINT orders_orderitem_order_id_fe61a34d_fk_orders_order_id FOREIGN KEY (order_id) REFERENCES public.orders_order(id) DEFERRABLE INITIALLY DEFERRED;


--
-- Name: orders_orderitem orders_orderitem_seller_id_73da5f24_fk_accounts_user_id; Type: FK CONSTRAINT; Schema: public; Owner: postgres
--

ALTER TABLE ONLY public.orders_orderitem
    ADD CONSTRAINT orders_orderitem_seller_id_73da5f24_fk_accounts_user_id FOREIGN KEY (seller_id) REFERENCES public.accounts_user(id) DEFERRABLE INITIALLY DEFERRED;


--
-- PostgreSQL database dump complete
--

\unrestrict RB6skpdkpt61X1oyc9Yq4XkOYe1hoeH9CJSiBubw0IMSVQ3dfKly5gBW8ZzLFGz

